{"cameraMode":{"drawMode":0,"name":"Shaded","section":"Shading Mode"},"sceneLighting":false,"audioPlay":false,"sceneViewState":{"m_AlwaysRefresh":false,"showFog":true,"showSkybox":false,"showFlares":true,"showImageEffects":true,"showParticleSystems":true,"showVisualEffectGraphs":true,"m_FxEnabled":true},"in2DMode":false,"pivot":{"x":3.189919948577881,"y":10.854771614074707,"z":9.267284393310547},"rotation":{"x":0.14720863103866578,"y":0.09922699630260468,"z":-0.014844091609120369,"w":0.9840056300163269},"size":19.879758834838868,"orthographic":false}