{"cameraMode":{"drawMode":0,"name":"Shaded","section":"Shading Mode"},"sceneLighting":true,"audioPlay":false,"sceneViewState":{"m_AlwaysRefresh":false,"showFog":true,"showSkybox":true,"showFlares":true,"showImageEffects":true,"showParticleSystems":true,"showVisualEffectGraphs":true,"m_FxEnabled":true},"in2DMode":false,"pivot":{"x":68.53805541992188,"y":15.27840805053711,"z":143.08811950683595},"rotation":{"x":0.08636311441659928,"y":0.5064133405685425,"z":-0.051066163927316669,"w":0.8564361929893494},"size":161.9843292236328,"orthographic":false}