{"cameraMode":{"drawMode":0,"name":"Shaded","section":"Shading Mode"},"sceneLighting":false,"audioPlay":false,"sceneViewState":{"m_AlwaysRefresh":false,"showFog":true,"showSkybox":false,"showFlares":true,"showImageEffects":true,"showParticleSystems":true,"showVisualEffectGraphs":true,"m_FxEnabled":true},"in2DMode":false,"pivot":{"x":-1.690037727355957,"y":-0.3415412902832031,"z":12.219539642333985},"rotation":{"x":-0.19030120968818665,"y":-0.37286457419395449,"z":0.07842536270618439,"w":-0.9047691822052002},"size":25.851686477661134,"orthographic":false}